	keyword	Position	volume	Competition	Url	avg_backlink_trust
11	helpdesk	14	3600	0.84	https://www.octadesk.com/	34.18181818181818
408	service desk logo	6	90	0.17	https://www.octadesk.com/	34.18181818181818
438	sistem helpdesk	4	70	0.0	https://www.octadesk.com/	34.18181818181818
465	sistema de help desk	7	110	0.99	https://www.octadesk.com/	34.18181818181818
494	sistema help desk	8	110	0.99	https://www.octadesk.com/	34.18181818181818
522	helpdesck	10	110	0.63	https://www.octadesk.com/	34.18181818181818
560	help desk sistema	7	70	0.95	https://www.octadesk.com/	34.18181818181818
588	heldesk	5	50	0.85	https://www.octadesk.com/	34.18181818181818
615	sistema de helpdesk	8	70	0.99	https://www.octadesk.com/	34.18181818181818
652	help desk online	10	50	0.88	https://www.octadesk.com/	34.18181818181818
678	helpdek	11	30	0.6	https://www.octadesk.com/	34.18181818181818
712	help disk	6	20	0.63	https://www.octadesk.com/	34.18181818181818
744	relp desk	6	30	0.9	https://www.octadesk.com/	34.18181818181818
770	help desc	6	20	0.87	https://www.octadesk.com/	34.18181818181818
804	chat helpdesk	26	70	0.52	https://www.octadesk.com/	34.18181818181818
854	help desk gratis	27	20	0.92	https://www.octadesk.com/	34.18181818181818
887	oq é atendimento ao cliente	61	90	0.2	https://www.octadesk.com/	34.18181818181818
935	desk to desk	60	90	0.0	https://www.octadesk.com/	34.18181818181818
974	help desk free	75	170	0.91	https://www.octadesk.com/	34.18181818181818
1014	sistema de chamados online	18	70	0.95	https://www.octadesk.com/	34.18181818181818
1044	sistema de atendimento online	17	90	0.93	https://www.octadesk.com/	34.18181818181818
1145	oq significa help	62	880	0.0	https://www.octadesk.com/	34.18181818181818
1174	sistema de tickets	74	170	0.92	https://www.octadesk.com/	34.18181818181818
1205	helpdesk online	9	30	0.97	https://www.octadesk.com/	34.18181818181818
1243	o que e suporte	98	70	0.02	https://www.octadesk.com/	34.18181818181818
1285	help desk workflow	18	90	1.0	https://www.octadesk.com/	34.18181818181818
1312	planoeplano	74	1300	0.19	https://www.octadesk.com/	34.18181818181818
1346	help desk online gratis	32	70	0.95	https://www.octadesk.com/	34.18181818181818
1394	cartao bom atendimento	74	50	0.02	https://www.octadesk.com/	34.18181818181818
1422	cartão bom atendimento	91	90	0.06	https://www.octadesk.com/	34.18181818181818
1453	sistema de chamados free	33	480	0.88	https://www.octadesk.com/	34.18181818181818
1478	plano e plano relacionamento	60	390	0.03	https://www.octadesk.com/	34.18181818181818
1533	sistema de atendimento web	37	20	0.68	https://www.octadesk.com/	34.18181818181818
1562	sistema help desk gratuito	44	30	0.82	https://www.octadesk.com/	34.18181818181818
1590	hepdesk	10	30	0.77	https://www.octadesk.com/	34.18181818181818
1623	sistema de help desk free	39	40	0.97	https://www.octadesk.com/	34.18181818181818
1660	sistema de help desk gratuito	33	30	0.96	https://www.octadesk.com/	34.18181818181818
1734	o que significa help desk	25	70	0.54	https://www.octadesk.com/	34.18181818181818
1760	sistemas de help desk	9	20	0.88	https://www.octadesk.com/	34.18181818181818
1880	sistema de ticket	79	50	0.7	https://www.octadesk.com/	34.18181818181818
1906	sistema de atendimento online gratis	19	20	0.58	https://www.octadesk.com/	34.18181818181818
1949	regras de atendimento ao cliente	66	50	0.09	https://www.octadesk.com/	34.18181818181818
1984	desck	94	210	0.01	https://www.octadesk.com/	34.18181818181818
2010	imagens de atendimento ao cliente	23	140	0.02	https://www.octadesk.com/	34.18181818181818
2036	helpdes	13	40	0.48	https://www.octadesk.com/	34.18181818181818
2084	atendimento online gratis	49	90	0.34	https://www.octadesk.com/	34.18181818181818
2122	contato com o cliente	44	90	0.03	https://www.octadesk.com/	34.18181818181818
2164	www planoeplano com br	71	140	0.16	https://www.octadesk.com/	34.18181818181818
2207	cartão bom atendimento online	36	30	0.1	https://www.octadesk.com/	34.18181818181818
2245	sistema de sac	30	30	0.59	https://www.octadesk.com/	34.18181818181818
2282	sistema help desk free	31	40	0.95	https://www.octadesk.com/	34.18181818181818
2338	empresa help	49	30	0.2	https://www.octadesk.com/	34.18181818181818
2374	desk	84	2400	0.09	https://www.octadesk.com/	34.18181818181818
2399	atendimento gratis	46	110	0.18	https://www.octadesk.com/	34.18181818181818
2452	controle de prazos	93	90	0.12	https://www.octadesk.com/	34.18181818181818
339	help dest	3	90	0.57	https://www.octadesk.com/	34.18181818181818
375	sistema de atendimento ao cliente	3	70	0.92	https://www.octadesk.com/	34.18181818181818
